	Rig Veda Samhita -Shakalya - Mandala 1	Rig Veda			Samskrit	Sruti/Rig Veda	English	rk_ved_m1.pdf
	Rig Veda Samhita -Shakalya - Mandala 2	Rig Veda			Samskrit	Sruti/Rig Veda	English	rk_ved_m2.pdf
	Rig Veda Samhita -Shakalya - Mandala 3	Rig Veda			Samskrit	Sruti/Rig Veda	English	rk_ved_m3.pdf
	Rig Veda Samhita -Shakalya - Mandala 4	Rig Veda			Samskrit	Sruti/Rig Veda	English	rk_ved_m4.pdf
	Rig Veda Samhita -Shakalya - Mandala 5	Rig Veda			Samskrit	Sruti/Rig Veda	English	rk_ved_m5.pdf
	Rig Veda Samhita -Shakalya - Mandala 6	Rig Veda			Samskrit	Sruti/Rig Veda	English	rk_ved_m6.pdf
	Rig Veda Samhita -Shakalya - Mandala 7	Rig Veda			Samskrit	Sruti/Rig Veda	English	rk_ved_m7.pdf
	Rig Veda Samhita -Shakalya - Mandala 8	Rig Veda			Samskrit	Sruti/Rig Veda	English	rk_ved_m8.pdf
	Rig Veda Samhita -Shakalya - Mandala 9	Rig Veda			Samskrit	Sruti/Rig Veda	English	rk_ved_m9.pdf
	Rig Veda Samhita -Shakalya - Mandala 10	Rig Veda			Samskrit	Sruti/Rig Veda	English	rk_ved_m10.pdf
	Rig Veda Samhita - Ashtaka 1	Rig Veda			Samskrit	Sruti/Rig Veda	English	rk_ved_ashtaka_1.pdf
	Rig Veda Samhita - Ashtaka 2	Rig Veda			Samskrit	Sruti/Rig Veda	English	rk_ved_ashtaka_2.pdf
	Rig Veda Samhita - Ashtaka 3	Rig Veda			Samskrit	Sruti/Rig Veda	English	rk_ved_ashtaka_3.pdf
	Rig Veda Samhita - Ashtaka 4	Rig Veda			Samskrit	Sruti/Rig Veda	English	rk_ved_ashtaka_4.pdf
	Rig Veda Samhita - Ashtaka 5	Rig Veda			Samskrit	Sruti/Rig Veda	English	rk_ved_ashtaka_5.pdf
	Rig Veda Samhita - Ashtaka 6	Rig Veda			Samskrit	Sruti/Rig Veda	English	rk_ved_ashtaka_6.pdf
	Rig Veda Samhita - Ashtaka 7	Rig Veda			Samskrit	Sruti/Rig Veda	English	rk_ved_ashtaka_7.pdf
	Rig Veda Samhita - Ashtaka 8	Rig Veda			Samskrit	Sruti/Rig Veda	English	rk_ved_ashtaka_8.pdf
	Sam Veda Samhita	Sam Veda			Samskrit	Sruti/Sam Veda	English	sama_veda.pdf
	Madhyandina Samhita - Shukla Yajur Veda	Yajur Veda			Samskrit	Sruti/Yajur Veda	English	shukla_yajur_veda.pdf
	Yajur Veda Samhita	Yajur Veda			Samskrit	Sruti/Yajur Veda	Devanagari	Shukla_YajurVed-1.pdf
	Kanwa - Shukla Yajur Veda	Yajur Veda			Samskrit	Sruti/Yajur Veda	Devanagari	kanwa_shukla_yajur_veda.pdf
	Maitrayani - Krishna Yajur Veda	Yajur Veda			Samskrit	Sruti/Yajur Veda	Devanagari	maitrayani_krishna_yajur_veda.pdf
	Taittiriya - Krishna Yajur Veda	Yajur Veda			Samskrit	Sruti/Yajur Veda	Devanagari	taittiriya_krishna_yajur_veda.pdf
	Kathaka - Krishna Yajur Veda	Yajur Veda			Samskrit	Sruti/Yajur Veda	Devanagari	kathaka_krishna_yajur_veda.pdf
	Kapishthal - Krishna Yajur Veda	Yajur Veda			Samskrit	Sruti/Yajur Veda	Devanagari	Kapisthala_Katha_Samhita.pdf
	Atharva Veda Samhita	Rig Veda Siksha			Samskrit	Sruti/Atharva Veda	Devanagari	atharva_veda.pdf
	Madhusudani Siksha	Rig Veda Siksha			Samskrit	Siksha/Rig Veda Siksha	Devanagari	madhusudani_shiksha.pdf
	Vyala Siksha	Rig Veda Siksha			Samskrit	Siksha/Rig Veda Siksha	Devanagari	vyala_shiksha.pdf
	Vyali Siksha	Rig Veda Siksha			Samskrit	Siksha/Rig Veda Siksha	Devanagari	vyali_shiksha.pdf
	Shaishiriya Siksha	Rig Veda Siksha			Samskrit	Siksha/Rig Veda Siksha	Devanagari	shaishiriya_shiksha.pdf
	Shaunaka Siksha	Rig Veda Siksha			Samskrit	Siksha/Rig Veda Siksha	Devanagari	shaunaka_shiksha.pdf
	Hayagrivi Siksha	Rig Veda Siksha			Samskrit	Siksha/Rig Veda Siksha	Devanagari	hayagrivi_shiksha.pdf
	Shamana Siksha	Rig Veda Siksha			Samskrit	Siksha/Rig Veda Siksha	Devanagari	shamana_shiksha.pdf
	Svaravyanjana Siksha	Rig Veda Siksha			Samskrit	Siksha/Rig Veda Siksha	Devanagari	svaravyanjana_shiksha.pdf
	Swarankusha Siksha	Rig Veda Siksha			Samskrit	Siksha/Rig Veda Siksha	Devanagari	svarankusha_shiksha.pdf
	Athakari Laksanam	Rig Veda Upsiksha			Samskrit	Siksha/Rig Veda Upsiksha	Devanagari	athakari_lakshanam.pdf
	Rgvarnakramalaksana	Rig Veda Upsiksha			Samskrit	Siksha/Rig Veda Upsiksha	Devanagari	Rigvarnakramalakshana.pdf
	Bonda Laksanam	Rig Veda Upsiksha			Samskrit	Siksha/Rig Veda Upsiksha	Devanagari	
	Akhanda Manjari (Aningya Laksanam) of Sesa Narayana	Rig Veda Upsiksha			Samskrit	Siksha/Rig Veda Upsiksha	Devanagari	akhanda_manjari.pdf
	Rgvilanghya of Nagadeva	Rig Veda Upsiksha			Samskrit	Siksha/Rig Veda Upsiksha	Devanagari	rigvilanghya.pdf
	Avarni-Dipa of Daksinamurti of Srivatsagotra	Rig Veda Upsiksha			Samskrit	Siksha/Rig Veda Upsiksha	Devanagari	avarni_dipa.pdf
	Avarni Prakaranam	Rig Veda Upsiksha			Samskrit	Siksha/Rig Veda Upsiksha	Devanagari	aavarni_lakshanam_of_rig_veda.pdf
	Natanta-Padani of Sesa Narayana	Rig Veda Upsiksha			Samskrit	Siksha/Rig Veda Upsiksha	Devanagari	natanti%20padani.pdf
	Tapara Prakaranam of Sesa Narayana	Rig Veda Upsiksha			Samskrit	Siksha/Rig Veda Upsiksha	Devanagari	tapara_prakaranam_of_sheshanarayanam.pdf
	Vrthavyakti	Rig Veda Upsiksha			Samskrit	Siksha/Rig Veda Upsiksha	Devanagari	vrithavyakti.pdf
	Svarastaka	Rig Veda Upsiksha			Samskrit	Siksha/Rig Veda Upsiksha	Devanagari	svarashtaka_shiksha.pdf
	Jata Patala Karika	Rig Veda Upsiksha			Samskrit	Siksha/Rig Veda Upsiksha	Devanagari	jata_patala_karika.pdf
	Amaresa Siksha	Shukla Yajur Veda Siksha			Samskrit	Siksha/Shukla Yajur Veda Siksha	Devanagari	varnaratnapradipika_shiksha.pdf
	Amoghanandini Siksha	Shukla Yajur Veda Siksha			Samskrit	Siksha/Shukla Yajur Veda Siksha	Devanagari	amoghanandini_shiksha
	Laghvamoghanandini Siksha	Shukla Yajur Veda Siksha			Samskrit	Siksha/Shukla Yajur Veda Siksha	Devanagari	Link not working
	Avasananirnaya Siksha	Shukla Yajur Veda Siksha			Samskrit	Siksha/Shukla Yajur Veda Siksha	Devanagari	avasananirnaya_shiksha.pdf
	Galadrik Siksha	Shukla Yajur Veda Siksha			Samskrit	Siksha/Shukla Yajur Veda Siksha	Devanagari	galadrik_shiksha
	Kanva Siksha	Shukla Yajur Veda Siksha			Samskrit	Siksha/Shukla Yajur Veda Siksha	Devanagari	kanva_shiksha
	Katyayana Siksha	Shukla Yajur Veda Siksha			Samskrit	Siksha/Shukla Yajur Veda Siksha	Devanagari	katyayana_shiksha
	Katyayani Siksha	Shukla Yajur Veda Siksha			Samskrit	Siksha/Shukla Yajur Veda Siksha	Devanagari	katyayani_shiksha
	Keshaviya Siksha	Shukla Yajur Veda Siksha			Samskrit	Siksha/Shukla Yajur Veda Siksha	Devanagari	keshava_shiksha
	Keshavi Padyatmika Siksha	Shukla Yajur Veda Siksha			Samskrit	Siksha/Shukla Yajur Veda Siksha	Devanagari	Link not working
	Kaushiki Siksha	Shukla Yajur Veda Siksha			Samskrit	Siksha/Shukla Yajur Veda Siksha	Devanagari	kaushiki_shiksha
	Kramasamdhana Siksha	Shukla Yajur Veda Siksha			Samskrit	Siksha/Shukla Yajur Veda Siksha	Devanagari	Link not working
	Madhyandiniya Siksha	Shukla Yajur Veda Siksha			Samskrit	Siksha/Shukla Yajur Veda Siksha	Devanagari	madhyandina_shiksha
	Laghumadhyandiniya Siksha	Shukla Yajur Veda Siksha			Samskrit	Siksha/Shukla Yajur Veda Siksha	Devanagari	laghumadhyandina_shiksha
	Parashariya Siksha	Shukla Yajur Veda Siksha			Samskrit	Siksha/Shukla Yajur Veda Siksha	Devanagari	parashara_shiksha
	Pratishakhyapradipa Siksha	Shukla Yajur Veda Siksha			Samskrit	Siksha/Shukla Yajur Veda Siksha	Devanagari	pratishakhyapradipa_shiksha
	Manahsvara Siksha	Shukla Yajur Veda Siksha			Samskrit	Siksha/Shukla Yajur Veda Siksha	Devanagari	manahsvara_shiksha
	Mallasarma Siksha	Shukla Yajur Veda Siksha			Samskrit	Siksha/Shukla Yajur Veda Siksha	Devanagari	mallasharma_shiksha
	Mandavya Siksha	Shukla Yajur Veda Siksha			Samskrit	Siksha/Shukla Yajur Veda Siksha	Devanagari	mandavya_shiksha.pdf
	Yajurvidhana Siksha	Shukla Yajur Veda Siksha			Samskrit	Siksha/Shukla Yajur Veda Siksha	Devanagari	Link not working
	Yajnavalkya Siksha	Shukla Yajur Veda Siksha			Samskrit	Siksha/Shukla Yajur Veda Siksha	Devanagari	yagyavalkya_shiksha
	Vasishthi Siksha	Shukla Yajur Veda Siksha			Samskrit	Siksha/Shukla Yajur Veda Siksha	Devanagari	vasishthi3_shiksha
	Vedaparibhasasutra Siksha	Shukla Yajur Veda Siksha			Samskrit	Siksha/Shukla Yajur Veda Siksha	Devanagari	vedaparibhashasutra_shiksha
	Vedaparibhasakarika Siksha	Shukla Yajur Veda Siksha			Samskrit	Siksha/Shukla Yajur Veda Siksha	Devanagari	vedaparibhashakarika_shiksha
	Shodashashloki Siksha	Shukla Yajur Veda Siksha			Samskrit	Siksha/Shukla Yajur Veda Siksha	Devanagari	shodashashloki_shiksha
	Svarabhaktilakshanaparishishta Siksha	Shukla Yajur Veda Siksha			Samskrit	Siksha/Shukla Yajur Veda Siksha	Devanagari	Link not working
	Svarashtaka Siksha	Shukla Yajur Veda Siksha			Samskrit	Siksha/Shukla Yajur Veda Siksha	Devanagari	svarashtaka_shiksha
	Padakarikaratnamala	Shukla Yajur Veda Siksha			Samskrit	Siksha/Shukla Yajur Veda Upsiksha	Devanagari	padakarikaratnamala
	Padachandrika	Shukla Yajur Veda Siksha			Samskrit	Siksha/Shukla Yajur Veda Upsiksha	Devanagari	Link not working
	Pratijna Sutram	Shukla Yajur Veda Siksha			Samskrit	Siksha/Shukla Yajur Veda Upsiksha	Devanagari	pratijna_sutram
	Visargangulipradarshnaprakarah	Shukla Yajur Veda Siksha			Samskrit	Siksha/Shukla Yajur Veda Upsiksha	Devanagari	Link not working
	Atreya Siksha (Hamburg)	Krishna Yahur Ved Siksha			Samskrit	Siksha/Krishna Yahur Ved Siksha	Devanagari	atreya1_shiksha
	Atreya Siksha (Chandigarh)	Krishna Yahur Ved Siksha			Samskrit	Siksha/Krishna Yahur Ved Siksha	Devanagari	atreya_shiksha_chandigarh
	Atreya Siksha (Madras)	Krishna Yahur Ved Siksha			Samskrit	Siksha/Krishna Yahur Ved Siksha	Devanagari	atreya2_shiksha
	Apishali Siksha	Krishna Yahur Ved Siksha			Samskrit	Siksha/Krishna Yahur Ved Siksha	Devanagari	apishali_shiksha
	Aryana Siksha	Krishna Yahur Ved Siksha			Samskrit	Siksha/Krishna Yahur Ved Siksha	Devanagari	aranya_shiksha
	Kalanirnya Siksha	Krishna Yahur Ved Siksha			Samskrit	Siksha/Krishna Yahur Ved Siksha	Devanagari	kalanirnaya_shiksha
	Kaundinya Siksha (Hyderabad)	Krishna Yahur Ved Siksha			Samskrit	Siksha/Krishna Yahur Ved Siksha	Devanagari	kaundinya_shiksha
	Kaundinya Siksha (Mysore)	Krishna Yahur Ved Siksha			Samskrit	Siksha/Krishna Yahur Ved Siksha	Devanagari	kaundinya_mysore_shiksha
	Kauhaliya Siksha	Krishna Yahur Ved Siksha			Samskrit	Siksha/Krishna Yahur Ved Siksha	Devanagari	kauhaliya_shiksha
	Carayaniya Siksha	Krishna Yahur Ved Siksha			Samskrit	Siksha/Krishna Yahur Ved Siksha	Devanagari	carayaniya_shiksha
	Bharadvaja Siksha	Krishna Yahur Ved Siksha			Samskrit	Siksha/Krishna Yahur Ved Siksha	Devanagari	bharadvaja_shiksha
	Pari Siksha	Krishna Yahur Ved Siksha			Samskrit	Siksha/Krishna Yahur Ved Siksha	Devanagari	pari_shiksha
	Pluta Siksha	Krishna Yahur Ved Siksha			Samskrit	Siksha/Krishna Yahur Ved Siksha	Devanagari	link not working
	Lakshmikanta Siksha	Krishna Yahur Ved Siksha			Samskrit	Siksha/Krishna Yahur Ved Siksha	Devanagari	lakshmikanta_shiksha
	Lakshmikanta Siksha 2	Krishna Yahur Ved Siksha			Samskrit	Siksha/Krishna Yahur Ved Siksha	Devanagari	lakshmikanta_shiksha_2
	Laugakshi Siksha	Krishna Yahur Ved Siksha			Samskrit	Siksha/Krishna Yahur Ved Siksha	Devanagari	laugakshi_shiksha
	Vararuci Siksha	Krishna Yahur Ved Siksha			Samskrit	Siksha/Krishna Yahur Ved Siksha	Devanagari	vararuchi_shiksha
	Vasishtha Siksha (Tirupati)	Krishna Yahur Ved Siksha			Samskrit	Siksha/Krishna Yahur Ved Siksha	Devanagari	vasishtha2_shiksha
	Vasishtha Siksha	Krishna Yahur Ved Siksha			Samskrit	Siksha/Krishna Yahur Ved Siksha	Devanagari	vasishtha1_shiksha
	Veda Siksha	Krishna Yahur Ved Siksha			Samskrit	Siksha/Krishna Yahur Ved Siksha	Devanagari	Veda_Shiksha
	Vyasa Siksha	Krishna Yahur Ved Siksha			Samskrit	Siksha/Krishna Yahur Ved Siksha	Devanagari	vyasa_shiksha
	Shambhu Siksha	Krishna Yahur Ved Siksha			Samskrit	Siksha/Krishna Yahur Ved Siksha	Devanagari	shambhu_shiksha
	Siksasamuccaya	Krishna Yahur Ved Siksha			Samskrit	Siksha/Krishna Yahur Ved Siksha	Devanagari	Link not working
	Syamayaniya Siksha	Krishna Yahur Ved Siksha			Samskrit	Siksha/Krishna Yahur Ved Siksha	Devanagari	shyamayaniya_shiksha
	Sarvasammata Siksha	Krishna Yahur Ved Siksha			Samskrit	Siksha/Krishna Yahur Ved Siksha	Devanagari	sarvasammata_shiksha
	Siddhanta Siksha	Krishna Yahur Ved Siksha			Samskrit	Siksha/Krishna Yahur Ved Siksha	Devanagari	siddhanta_shiksha
	Svara Siksha	Krishna Yahur Ved Siksha			Samskrit	Siksha/Krishna Yahur Ved Siksha	Devanagari	svara_shiksha
	Svarasarabhutavarnakrama Siksha	Krishna Yahur Ved Siksha			Samskrit	Siksha/Krishna Yahur Ved Siksha	Devanagari	svarasarabhutavarnakrama_shiksha
	Samana	Krishna Yahur Ved Siksha			Samskrit	Siksha/Krishna Yahur Ved Upsiksha	Devanagari	Samana
	Vilanghya	Krishna Yahur Ved Siksha			Samskrit	Siksha/Krishna Yahur Ved Upsiksha	Devanagari	Vilanghya
	Napara	Krishna Yahur Ved Siksha			Samskrit	Siksha/Krishna Yahur Ved Upsiksha	Devanagari	Napara
	Tapara 	Krishna Yahur Ved Siksha			Samskrit	Siksha/Krishna Yahur Ved Upsiksha	Devanagari	Tapara 
	Avarni	Krishna Yahur Ved Siksha			Samskrit	Siksha/Krishna Yahur Ved Upsiksha	Devanagari	Avarni
	Aavarni	Krishna Yahur Ved Siksha			Samskrit	Siksha/Krishna Yahur Ved Upsiksha	Devanagari	Aavarni
	Aningya	Krishna Yahur Ved Siksha			Samskrit	Siksha/Krishna Yahur Ved Upsiksha	Devanagari	Aningya
	Aningya Sataka	Krishna Yahur Ved Siksha			Samskrit	Siksha/Krishna Yahur Ved Upsiksha	Devanagari	Aningya Sataka
	Antanirdesa	Krishna Yahur Ved Siksha			Samskrit	Siksha/Krishna Yahur Ved Upsiksha	Devanagari	antanirdesha
	Arunasamanam	Krishna Yahur Ved Siksha			Samskrit	Siksha/Krishna Yahur Ved Upsiksha	Devanagari	aruna_shamanam
	Ardhantyam	Krishna Yahur Ved Siksha			Samskrit	Siksha/Krishna Yahur Ved Upsiksha	Devanagari	Ardhantyam
	Ingya Ratnam	Krishna Yahur Ved Siksha			Samskrit	Siksha/Krishna Yahur Ved Upsiksha	Devanagari	ingya_ratnam
	Uccodarki	Krishna Yahur Ved Siksha			Samskrit	Siksha/Krishna Yahur Ved Upsiksha	Devanagari	uccodarki
	Kampa Sutra	Krishna Yahur Ved Siksha			Samskrit	Siksha/Krishna Yahur Ved Upsiksha	Devanagari	kampa_sutra
	Jatamani	Krishna Yahur Ved Siksha			Samskrit	Siksha/Krishna Yahur Ved Upsiksha	Devanagari	jatamani
	Jatavalli	Krishna Yahur Ved Siksha			Samskrit	Siksha/Krishna Yahur Ved Upsiksha	Devanagari	Jatavalli
	Jata Siddhanta Candrika	Krishna Yahur Ved Siksha			Samskrit	Siksha/Krishna Yahur Ved Upsiksha	Devanagari	Jata_Siddhanta_Candrika
	trikarma Lakshnam	Krishna Yahur Ved Siksha			Samskrit	Siksha/Krishna Yahur Ved Upsiksha	Devanagari	trikrama_lakshanam
	Dvitva Lakshanam	Krishna Yahur Ved Siksha			Samskrit	Siksha/Krishna Yahur Ved Upsiksha	Devanagari	link Not Available
	Naradabaith	Krishna Yahur Ved Siksha			Samskrit	Siksha/Krishna Yahur Ved Upsiksha	Devanagari	narada_baith
	Naradabhaith Vyakhya	Krishna Yahur Ved Siksha			Samskrit	Siksha/Krishna Yahur Ved Upsiksha	Devanagari	narada_baith_vyakhya
	Pranava Vicara	Krishna Yahur Ved Siksha			Samskrit	Siksha/Krishna Yahur Ved Upsiksha	Devanagari	pranava_vichara
	Yanadesadirghinisedhah	Krishna Yahur Ved Siksha			Samskrit	Siksha/Krishna Yahur Ved Upsiksha	Devanagari	yanadeshadirghinishedha
	Yamapatti	Krishna Yahur Ved Siksha			Samskrit	Siksha/Krishna Yahur Ved Upsiksha	Devanagari	yamapatti
	Yohiprapti Siksha	Krishna Yahur Ved Siksha			Samskrit	Siksha/Krishna Yahur Ved Upsiksha	Devanagari	yohiprapti_shiksha
	Yohi Bhasya of Suribhatta	Krishna Yahur Ved Siksha			Samskrit	Siksha/Krishna Yahur Ved Upsiksha	Devanagari	yohi_bhashya
	Ravanabaith	Krishna Yahur Ved Siksha			Samskrit	Siksha/Krishna Yahur Ved Upsiksha	Devanagari	ravana_baith
	Ravanabaith Paribhasa	Krishna Yahur Ved Siksha			Samskrit	Siksha/Krishna Yahur Ved Upsiksha	Devanagari	ravana_baith_paribhasha
	Varnakramalaksana	Krishna Yahur Ved Siksha			Samskrit	Siksha/Krishna Yahur Ved Upsiksha	Devanagari	varnakrama_lakshana_adayar
	Visarjaniya Laksanam	Krishna Yahur Ved Siksha			Samskrit	Siksha/Krishna Yahur Ved Upsiksha	Devanagari	visarjaniya_lakshanam
	Vaidyanatha Baith	Krishna Yahur Ved Siksha			Samskrit	Siksha/Krishna Yahur Ved Upsiksha	Devanagari	vaidyanatha_baith
	Sakhasamanam	Krishna Yahur Ved Siksha			Samskrit	Siksha/Krishna Yahur Ved Upsiksha	Devanagari	link Not Available
	Sadvimsati Sutra	Krishna Yahur Ved Siksha			Samskrit	Siksha/Krishna Yahur Ved Upsiksha	Devanagari	shadvimshati_sutra
	Svara Panchasat	Krishna Yahur Ved Siksha			Samskrit	Siksha/Krishna Yahur Ved Upsiksha	Devanagari	svara_panchashat
	Svarasamparki Savyakhyana	Krishna Yahur Ved Siksha			Samskrit	Siksha/Krishna Yahur Ved Upsiksha	Devanagari	Svara_Samparki
	Svaravadhanalaksana	Krishna Yahur Ved Siksha			Samskrit	Siksha/Krishna Yahur Ved Upsiksha	Devanagari	svaravadhanalakshana
	Naradiya Siksha	Sama Veda Siksha			Samskrit	Siksha/sama Veda Siksha	Devanagari	naradiya_shiksha
	Lomashiya Siksha	Atharva veda Siksha			Samskrit	Siksha/sama Veda Siksha	Devanagari	lomashi_shiksha
	Gautamiya Siksha	General Siksha			Samskrit	Siksha/sama Veda Siksha	Devanagari	gautami_shiksha
	Manduki Siksha	General Siksha			Samskrit	Siksha/Atharva veda Siksha	Devanagari	manduki_shiksha
	Paniniya Siksha	Sama Ved Upasiksha			Samskrit	Siksha/General Siksha	Devanagari	paniniya_shiksha
	Varna Siksha	Sama Ved Upasiksha			Samskrit	Siksha/General Siksha	Devanagari	Varna_Shiksha
	Chandogarksvara Laksanam	Sama Ved Upasiksha			Samskrit	Siksha/Sama Ved Upasiksha	Devanagari	link Not Available
	Stobhapada Laksanam	Sama Ved Upasiksha			Samskrit	Siksha/Sama Ved Upasiksha	Devanagari	stobhapada_lakshanam
	Samana	Sama Ved Upasiksha			Samskrit	Siksha/Sama Ved Upasiksha	Devanagari	Samana
	Visargalopa	Sama Ved Upasiksha			Samskrit	Siksha/Sama Ved Upasiksha	Devanagari	Visargalopa
	Ranga	Sama Ved Upasiksha			Samskrit	Siksha/Sama Ved Upasiksha	Devanagari	Ranga
	Vilanhya	Sama Ved Upasiksha			Samskrit	Siksha/Sama Ved Upasiksha	Devanagari	Vilanhya
	Napara	Sama Ved Upasiksha			Samskrit	Siksha/Sama Ved Upasiksha	Devanagari	Napara
	Tapara	Sama Ved Upasiksha			Samskrit	Siksha/Sama Ved Upasiksha	Devanagari	Tapara
	Avarni	Sama Ved Upasiksha			Samskrit	Siksha/Sama Ved Upasiksha	Devanagari	Avarni
	Anavagraha	Sama Ved Upasiksha			Samskrit	Siksha/Sama Ved Upasiksha	Devanagari	Anavagraha
	Samalaksana Dipika	Sama Ved Upasiksha			Samskrit	Siksha/Sama Ved Upasiksha	Devanagari	samalakshanadipika
	Atharvavediya Dantyoṣhṭavidhi	Atharva Veda Upasiksha			Samskrit	Siksha/Atharva Veda Upasiksha	Devanagari	dantyoshthavidhi
	Aniṅgya Grantha (PDF)	General Upasiksha			Samskrit	Siksha/General Upasiksha	Devanagari	link Not Available
	Jaṭā Lakṣaṇam	General Upasiksha			Samskrit	Siksha/General Upasiksha	Devanagari	jata_lakshanam
	Jaṭāvali	General Upasiksha			Samskrit	Siksha/General Upasiksha	Devanagari	link Not Available
	Tṛtīya Saṁgraha	General Upasiksha			Samskrit	Siksha/General Upasiksha	Devanagari	tritiya_samgraha
	Piṇḍalakṣaṇam	General Upasiksha			Samskrit	Siksha/General Upasiksha	Devanagari	pinda_lakshanam
	Vyakti Lakṣaṇam	General Upasiksha			Samskrit	Siksha/General Upasiksha	Devanagari	vyakti_lakshanam
	Svarabhaktiviṣaya Lakṣaṇam	General Upasiksha			Samskrit	Siksha/General Upasiksha	Devanagari	svarabhaktivishaya_lakshanam
	Hrasva Saṁgraha	General Upasiksha			Samskrit	Siksha/General Upasiksha	Devanagari	link Not Available
	Varṇakrama Darpaṇa	General Upasiksha			Samskrit	Siksha/General Upasiksha	Devanagari	varnakrama_darpanam
	Praṇava Lakṣaṇam	General Upasiksha			Samskrit	Siksha/General Upasiksha	Devanagari	link Not Available
	Āshvalāyana-gṛihya-sūtra	Grihya Sutra			Samskrit	Sruti/Vedangas/Kalpa/Grihya Sutra	Devanagari	ashvalayana_grihya_sutra
	Khādira-gṛihya-sūtra (Drāhyāyaṇa)	Grihya Sutra			Samskrit	Sruti/Vedangas/Kalpa/Grihya Sutra	Devanagari	drahyayana_grihya_sutra
	Kāthaka-gṛihya-sūtra (Laugākshi)	Grihya Sutra			Samskrit	Sruti/Vedangas/Kalpa/Grihya Sutra	Devanagari	kathaka_grihya_sutram
	Kaushītaka-gṛihya-sūtra	Grihya Sutra			Samskrit	Sruti/Vedangas/Kalpa/Grihya Sutra	Devanagari	kaushitaka_grihya_sutram
	Mānava-gṛihya-sūtra	Grihya Sutra			Samskrit	Sruti/Vedangas/Kalpa/Grihya Sutra	Devanagari	manava_grihya_sutram
	Pāraskara-gṛihya-sūtra	Grihya Sutra			Samskrit	Sruti/Vedangas/Kalpa/Grihya Sutra	Devanagari	paraskara_grihya_sutram
	Baudhāyana-gṛihya-sūtra	Grihya Sutra			Samskrit	Sruti/Vedangas/Kalpa/Grihya Sutra	Devanagari	bodhayana_grihya_sutram
	Kaushika-gṛihya-sūtra	Grihya Sutra			Samskrit	Sruti/Vedangas/Kalpa/Grihya Sutra	Devanagari	kaushika_grihya_sutram
	Hiraṇyakeshi-gṛihya-sūtra	Grihya Sutra			Samskrit	Sruti/Vedangas/Kalpa/Grihya Sutra	Devanagari	hiranyakeshi_grihya_sutram
	Vārāha-gṛihya-sūtra	Grihya Sutra			Samskrit	Sruti/Vedangas/Kalpa/Grihya Sutra	Devanagari	varaha_grihya_sutram
	Gobhila-gṛihya-sūtra	Grihya Sutra			Samskrit	Sruti/Vedangas/Kalpa/Grihya Sutra	Devanagari	gobhila_grihya_sutram
	Āgniveshya-gṛihya-sūtra	Grihya Sutra			Samskrit	Sruti/Vedangas/Kalpa/Grihya Sutra	Devanagari	agniveshya_grihya_sutram
	Shāṅkayana-gṛihya-sūtra	Grihya Sutra			Samskrit	Sruti/Vedangas/Kalpa/Grihya Sutra	Devanagari	shankhayana_grihya_sutram
	Vādhūla-gṛihya-sūtra	Grihya Sutra			Samskrit	Sruti/Vedangas/Kalpa/Grihya Sutra	Devanagari	grihya_sutram
	Jaimini-gṛihya-sūtra	Grihya Sutra			Samskrit	Sruti/Vedangas/Kalpa/Grihya Sutra	Devanagari	jaimini_grihya_sutram
	Bhāradvāja-gṛihya-sūtra	Grihya Sutra			Samskrit	Sruti/Vedangas/Kalpa/Grihya Sutra	Devanagari	bharadvaja_grihya_sutram
	Āpastamba-gṛihya-sūtra	Grihya Sutra			Samskrit	Sruti/Vedangas/Kalpa/Grihya Sutra	Devanagari	apastamba_grihya_sutram
	Vaikhānasa-gṛihya-sūtra	Grihya Sutra			Samskrit	Sruti/Vedangas/Kalpa/Grihya Sutra	Devanagari	vaikhanasa_grihya_sutram
	Kauthuma-gṛihya-sūtra	Grihya Sutra			Samskrit	Sruti/Vedangas/Kalpa/Grihya Sutra	Devanagari	kauthuma_grihya_sutram
	Shāṅkhāyana-shrauta-sūtra	Shrauta Sutra			Samskrit	Sruti/Vedangas/Kalpa/Shrauta Sutra	Devanagari	shankhayana_shrauta_sutra
	Āpastamba-shrauta-sūtra	Shrauta Sutra			Samskrit	Sruti/Vedangas/Kalpa/Shrauta Sutra	Devanagari	apastamba_shrauta_sutra
	Mashaka-shrauta-sūtra	Shrauta Sutra			Samskrit	Sruti/Vedangas/Kalpa/Shrauta Sutra	Devanagari	mashaka_shrauta_sutra
	Kaushika-shrauta-sūtra	Shrauta Sutra			Samskrit	Sruti/Vedangas/Kalpa/Shrauta Sutra	Devanagari	Unable to locate
	Vaitāna-shrauta-sūtra	Shrauta Sutra			Samskrit	Sruti/Vedangas/Kalpa/Shrauta Sutra	Devanagari	vaitana_shrauta_sutra
	Hiraṇyakeshi-shrauta-sūtra	Shrauta Sutra			Samskrit	Sruti/Vedangas/Kalpa/Shrauta Sutra	Devanagari	Hiranyakeshi
	Vādhūla-shrauta-sūtra	Shrauta Sutra			Samskrit	Sruti/Vedangas/Kalpa/Shrauta Sutra	Devanagari	Not Available Online
	Mānava-shrauta-sūtra	Shrauta Sutra			Samskrit	Sruti/Vedangas/Kalpa/Shrauta Sutra	Devanagari	manava_shrauta_sutra
	Bharadvāja-shrauta-sūtra	Shrauta Sutra			Samskrit	Sruti/Vedangas/Kalpa/Shrauta Sutra	Devanagari	bharadvaja_shrauta_sutra
	Drāyāyana-shrauta-sūtra	Shrauta Sutra			Samskrit	Sruti/Vedangas/Kalpa/Shrauta Sutra	Devanagari	drahyayana_shrauta_sutra
	Lātyāyana-shrauta-sūtra	Shrauta Sutra			Samskrit	Sruti/Vedangas/Kalpa/Shrauta Sutra	Devanagari	latyayana_shrauta_sutra
	Vārāha-shrauta-sūtra	Shrauta Sutra			Samskrit	Sruti/Vedangas/Kalpa/Shrauta Sutra	Devanagari	varaha_shrauta_sutra
	Kātyāyana-shrauta-sūtra	Shrauta Sutra			Samskrit	Sruti/Vedangas/Kalpa/Shrauta Sutra	Devanagari	Not Available Online
	Kāthaka-shrauta-sūtra	Shrauta Sutra			Samskrit	Sruti/Vedangas/Kalpa/Shrauta Sutra	Devanagari	Not Available Online
	Āshvalāyana-shrauta-sūtra	Shrauta Sutra			Samskrit	Sruti/Vedangas/Kalpa/Shrauta Sutra	Devanagari	ashvalayana_shrauta_sutra
	Jaiminīya-shrauta-sūtra	Shrauta Sutra			Samskrit	Sruti/Vedangas/Kalpa/Shrauta Sutra	Devanagari	jaiminiya_shrauta_sutra
	Nidāna-shrauta-sūtra	Shrauta Sutra			Samskrit	Sruti/Vedangas/Kalpa/Shrauta Sutra	Devanagari	nidana_shrauta_sutra
	Baudhāyana-shrauta-sūtra	Shrauta Sutra			Samskrit	Sruti/Vedangas/Kalpa/Shrauta Sutra	Devanagari	baudhayana_shrauta_sutra
	Vaikhānasa-shrauta-sūtra	Shrauta Sutra			Samskrit	Sruti/Vedangas/Kalpa/Shrauta Sutra	Devanagari	vaikhanasa_shrauta_sutra
	Anupāda-shrauta-sūtra	Shrauta Sutra			Samskrit	Sruti/Vedangas/Kalpa/Shrauta Sutra	Devanagari	Not Available Online
	Māitrāyaṇīya-shulba-sūtra	Shulba Sutra			Samskrit	Sruti/Vedangas/Kalpa/Shulba Sutra	Devanagari	maitrayaniya_shulba_sutram
	Hiraṇyakeshi-shulba-sūtra	Shulba Sutra			Samskrit	Sruti/Vedangas/Kalpa/Shulba Sutra	Devanagari	hiranyakeshi_shulba_sutra
	Baudhāyana-shulba-sūtra	Shulba Sutra			Samskrit	Sruti/Vedangas/Kalpa/Shulba Sutra	Devanagari	baudhayana_shulba_sutra
	Vārāha-shulba-sūtra	Shulba Sutra			Samskrit	Sruti/Vedangas/Kalpa/Shulba Sutra	Devanagari	Not Available Online
	Vādhūla-shulba-sūtra	Shulba Sutra			Samskrit	Sruti/Vedangas/Kalpa/Shulba Sutra	Devanagari	Not Available Online
	Mānava-shulba-sūtra	Shulba Sutra			Samskrit	Sruti/Vedangas/Kalpa/Shulba Sutra	Devanagari	manava_shulba_sutra
	Āpastamba-shulba-sūtra	Shulba Sutra			Samskrit	Sruti/Vedangas/Kalpa/Shulba Sutra	Devanagari	apastamba_shulba_sutra
	Kātyāyana-shulba-sūtra 	Shulba Sutra			Samskrit	Sruti/Vedangas/Kalpa/Shulba Sutra	Devanagari	katyayana_shulba_sutra
	Vishṇu-dharma-sūtra	Dharma Sutra			Samskrit	Sruti/Vedangas/Kalpa/Dharma Sutra	Devanagari	vishnu_dharma_sutra
	Vasistha-dharma-sūtra	Dharma Sutra			Samskrit	Sruti/Vedangas/Kalpa/Dharma Sutra	Devanagari	vasishtha_dharma_sutra
	Āpastamba-dharma-sūtra	Dharma Sutra			Samskrit	Sruti/Vedangas/Kalpa/Dharma Sutra	Devanagari	apastamba_dharma_sutra
	Hiranyakeshi-dharma-sūtra	Dharma Sutra			Samskrit	Sruti/Vedangas/Kalpa/Dharma Sutra	Devanagari	hiranyakeshi_dharma_sutra
	Gautama-dharma-sūtra	Dharma Sutra			Samskrit	Sruti/Vedangas/Kalpa/Dharma Sutra	Devanagari	gautama_dharma_sutra
	Vaikhānasa-dharma-sūtra	Dharma Sutra			Samskrit	Sruti/Vedangas/Kalpa/Dharma Sutra	Devanagari	vaikhanasa_dharma_sutra
	Baudhāyana-dharma-sūtra 	Dharma Sutra			Samskrit	Sruti/Vedangas/Kalpa/Dharma Sutra	Devanagari	baudhayana_dharma_sutra
	Asthadhyaya	Vyakarana			Samskrit	Sruti/Vedangas/Vyakarana	Devanagari	asthadhyaya
	Bṛhat Pārāshara Horā Shāstra	Jyotisha			Samskrit	Sruti/Vedangas/Jyotisha	Devanagari	parashara_hora_shastra
	Muhūrtachintāmaṇi	Jyotisha			Samskrit	Sruti/Vedangas/Jyotisha	Devanagari	muhurta_cintamani
	Sūrya Siddhānta	Jyotisha			Samskrit	Sruti/Vedangas/Jyotisha	Devanagari	surya_siddhanta
	Shatpañchāshikā	Jyotisha			Samskrit	Sruti/Vedangas/Jyotisha	Devanagari	shatpanchashika
	Chhandas	Chhandas			Samskrit	Sruti/Vedangas/Chhandas	Devanagari	Chhandas
	Nirukta	Nirukta			Samskrit	Sruti/Vedangas/Nirukta	Devanagari	nirukta
	Darshana	Darshana			Samskrit	Darshana	Devanagari	sixdarshanas
	Vaisheshika	Vaisheshika			Samskrit	Darshana/Vaisheshika	Devanagari	vaisheshika
	Nyaya	Nyaya			Samskrit	Darshana/Nyaya	Devanagari	nyaya
	Samkhya	Samkhya			Samskrit	Darshana/Samkhya	Devanagari	samkhya
	Vedanta	Vedanta			Samskrit	Darshana/Vedanta	Devanagari	vedanta
	Karma Mimansa	Karma Mimansa			Samskrit	Darshana/Karma Mimansa	Devanagari	karma_mimansa
	Bhagavad Gita	Yoga			Samskrit	Darshana/Yoga	Devanagari	bhagavad_gita
	Shiva Sutra	Yoga			Samskrit	Darshana/Yoga	Devanagari	shiva_sutra
	Shiva Samhita	Yoga			Samskrit	Darshana/Yoga	Devanagari	shiva_samhita
	Vigyana Bhairava	Yoga			Samskrit	Darshana/Yoga	Devanagari	vigyana_bhairava
	Gheranda Samhita	Yoga			Samskrit	Darshana/Yoga	Devanagari	gheranda_samhita
	Hatha Yoga Pradipika	Yoga			Samskrit	Darshana/Yoga	Devanagari	hatha_yoga_pradipika
	Nāṭya Shāstra	Gandharva Veda			Samskrit	Sruti/Upa-Vedas/Gandharva Veda	Devanagari	natya_shastra
	Saṁgīta Ratnākara by Shārṅgadeva	Dhanur Veda			Samskrit	Sruti/Upa-Vedas/Gandharva Veda	Devanagari	samgita_ratnakara_1_to_7
	Vasiṣhṭha Dhanur Veda	Dhanur Veda			Samskrit	Sruti/Upa-Vedas/Dhanur Veda	Devanagari	vasishtha_dhanur_veda
	Śhiva Dhanur Veda of Maharshi Śhārṅgadhara	Dhanur Veda			Samskrit	Sruti/Upa-Vedas/Dhanur Veda	Devanagari	shiva_dhanur_veda
	Nīti Prakāśhika of Maharshi Vaiśhampāyana	Sthapatya Veda			Samskrit	Sruti/Upa-Vedas/Dhanur Veda	Devanagari	niti_prakashika
	Mānasāra	Sthapatya Veda			Samskrit	Agama/Shaiva/Sthapatya Veda	Devanagari	manasara
	Mayamatam	Sthapatya Veda			Samskrit	Agama/Shaiva/Sthapatya Veda	Devanagari	mayamatam_vastu_shastra
	Vishvakarma Vāstu Shāstra	Sthapatya Veda			Samskrit	Agama/Shaiva/Sthapatya Veda	Devanagari	vishvakarma_vastu_shastra
	Manushyālaya Chandrikā	Sthapatya Veda			Samskrit	Agama/Shaiva/Sthapatya Veda	Devanagari	manushyalaya_candrika
	Aṁshumadbheda Vāstu Shāstra (Kāshyapa Shilpa Shāstra)	Sthapatya Veda			Samskrit	Agama/Shaiva/Sthapatya Veda	Devanagari	Kashyapa_Shilpa_Shastra
	Samarāṅgaṇa Sutradhāra	Sthapatya Veda			Samskrit	Agama/Shaiva/Sthapatya Veda	Devanagari	samarangana_sutradhara
	Vāstusūtra Upanishad	Sthapatya Veda			Samskrit	Agama/Shaiva/Sthapatya Veda	Devanagari	vastusutra_upanishad
	Sūtrasthānam	Kashyap Samhita			Samskrit	Sruti/Samhita/Kashyap Samhita	Devanagari	kashyapa01sutra
	Vimānasthānam	Kashyap Samhita			Samskrit	Sruti/Samhita/Kashyap Samhita	Devanagari	kashyapa02vimana
	Shārīrasthānam	Kashyap Samhita			Samskrit	Sruti/Samhita/Kashyap Samhita	Devanagari	kashyapa03sharira
	Indriyrasthānam	Kashyap Samhita			Samskrit	Sruti/Samhita/Kashyap Samhita	Devanagari	kashyapa04indriya
	Chikitsāsthānam	Kashyap Samhita			Samskrit	Sruti/Samhita/Kashyap Samhita	Devanagari	kashyapa05chikitsa
	Siddhisthānam	Kashyap Samhita			Samskrit	Sruti/Samhita/Kashyap Samhita	Devanagari	kashyapa06siddhi
	Kalpasthānam	Kashyap Samhita			Samskrit	Sruti/Samhita/Kashyap Samhita	Devanagari	kashyapa07kalpa
	Khilasthānam	Kashyap Samhita			Samskrit	Sruti/Samhita/Kashyap Samhita	Devanagari	kashyapa08khila
	Sūtrasthānam	Bhel Samhita			Samskrit	Sruti/Samhita/Bhel Samhita	Devanagari	bhela01sutra
	Nidānasthānam	Bhel Samhita			Samskrit	Sruti/Samhita/Bhel Samhita	Devanagari	bhela02nidana
	Vimānasthānam	Bhel Samhita			Samskrit	Sruti/Samhita/Bhel Samhita	Devanagari	bhela03vimana
	Shārīrasthānam	Bhel Samhita			Samskrit	Sruti/Samhita/Bhel Samhita	Devanagari	bhela04sharira
	Indriyrasthānam	Bhel Samhita			Samskrit	Sruti/Samhita/Bhel Samhita	Devanagari	bhela05indriya
	Chikitsāsthānam	Bhel Samhita			Samskrit	Sruti/Samhita/Bhel Samhita	Devanagari	bhela06cikitsa
	Kalpasthānam	Bhel Samhita			Samskrit	Sruti/Samhita/Bhel Samhita	Devanagari	bhela07kalpa
	Siddhisthānam 	Bhel Samhita			Samskrit	Sruti/Samhita/Bhel Samhita	Devanagari	bhela08siddhi
	Prathamasthānam	Harita Samhita			Samskrit	Sruti/Samhita/Harita Samhita	Devanagari	prathama_sthanam
	Dvitīyasthānam	Harita Samhita			Samskrit	Sruti/Samhita/Harita Samhita	Devanagari	dvitiya_sthanam
	Chikitsāsthānam	Harita Samhita			Samskrit	Sruti/Samhita/Harita Samhita	Devanagari	tritiya_sthanam
	Sūtrasthānam	Harita Samhita			Samskrit	Sruti/Samhita/Harita Samhita	Devanagari	caturtha_sthanam
	Kalpasthānam	Harita Samhita			Samskrit	Sruti/Samhita/Harita Samhita	Devanagari	pancamam_kalpa_sthanam
	Shārīrasthānam	Harita Samhita			Samskrit	Sruti/Samhita/Harita Samhita	Devanagari	shashtham_sharira_sthanam
	Sūtrasthānam	Vagbhatt Samhita			Samskrit	Sruti/Samhita/Vagbhatt Samhita	Devanagari	vagbhatta_sutra
	Shārīrasthānam	Vagbhatt Samhita			Samskrit	Sruti/Samhita/Vagbhatt Samhita	Devanagari	vagbhatta_sharira
	Nidānasthānam	Vagbhatt Samhita			Samskrit	Sruti/Samhita/Vagbhatt Samhita	Devanagari	vagbhatta_nidana
	Chikitsāsthānam	Vagbhatt Samhita			Samskrit	Sruti/Samhita/Vagbhatt Samhita	Devanagari	vagbhatta_chikitsita
	Kalpasthānam	Vagbhatt Samhita			Samskrit	Sruti/Samhita/Vagbhatt Samhita	Devanagari	vagbhatta_kalpa_siddhi
	Uttarasthānam 	Vagbhatt Samhita			Samskrit	Sruti/Samhita/Vagbhatt Samhita	Devanagari	vagbhatta_uttara
	Sūtrasthānam	Charaka Samhita			Samskrit	Sruti/Samhita/Charaka Samhita	Devanagari	charaka_sutra
	Nidānasthānam	Charaka Samhita			Samskrit	Sruti/Samhita/Charaka Samhita	Devanagari	charaka_nidana
	Vimānasthānam	Charaka Samhita			Samskrit	Sruti/Samhita/Charaka Samhita	Devanagari	charaka_vimana
	Shārīrasthānam	Charaka Samhita			Samskrit	Sruti/Samhita/Charaka Samhita	Devanagari	charaka_sharira
	Indriyrasthānam	Charaka Samhita			Samskrit	Sruti/Samhita/Charaka Samhita	Devanagari	charaka_indriya
	Chikitsāsthānam: Chapters 1-15	Charaka Samhita			Samskrit	Sruti/Samhita/Charaka Samhita	Devanagari	charaka_chikitsa1to15
	Chikitsāsthānam: Chapters 16-30	Charaka Samhita			Samskrit	Sruti/Samhita/Charaka Samhita	Devanagari	charaka_chikitsa_16_to_30
	Kalpasthānam	Charaka Samhita			Samskrit	Sruti/Samhita/Charaka Samhita	Devanagari	charaka_kalpa
	Siddhisthānam	Charaka Samhita			Samskrit	Sruti/Samhita/Charaka Samhita	Devanagari	charaka_siddhi
	Sūtrasthānam	Sushruta Samhita			Samskrit	Sruti/Samhita/Sushruta Samhita	Devanagari	sushruta_sutra
	Nidānasthānam	Sushruta Samhita			Samskrit	Sruti/Samhita/Sushruta Samhita	Devanagari	sushruta_nidana
	Shārīrasthānam	Sushruta Samhita			Samskrit	Sruti/Samhita/Sushruta Samhita	Devanagari	sushruta_sharira
	Chikitsāsthānam	Sushruta Samhita			Samskrit	Sruti/Samhita/Sushruta Samhita	Devanagari	sushruta_chikitsa
	Kalpasthānam	Sushruta Samhita			Samskrit	Sruti/Samhita/Sushruta Samhita	Devanagari	sushruta_kalpa
	Uttara Tantra	Sushruta Samhita			Samskrit	Sruti/Samhita/Sushruta Samhita	Devanagari	sushruta_uttara
	Pūrva Khaṇḍam I	Bhava Prakash Samhita			Samskrit	Sruti/Samhita/Bhava Prakash Samhita	Devanagari	bhava_prakash_samhita_purvaI
	Bhāva Prakāsh Nighaṇtu	Bhava Prakash Samhita			Samskrit	Sruti/Samhita/Bhava Prakash Samhita	Devanagari	bhava_prakash_nighantu
	Pūrva Khaṇḍam II	Bhava Prakash Samhita			Samskrit	Sruti/Samhita/Bhava Prakash Samhita	Devanagari	bhava_prakash_samhita_purvaII
	Madhya Khaṇḍam	Bhava Prakash Samhita			Samskrit	Sruti/Samhita/Bhava Prakash Samhita	Devanagari	bhava_prakash_samhita_madhya
	Uttara Khaṇḍam	Bhava Prakash Samhita			Samskrit	Sruti/Samhita/Bhava Prakash Samhita	Devanagari	bhava_prakash_samhita_uttara
	Prathama Khaṇda	Bhava Prakash Samhita			Samskrit	Sruti/Samhita/Bhava Prakash Samhita	Devanagari	sharngadhara_samhita_purva
	Madhyama Khaṇda	Sharngadhar Samhita			Samskrit	Sruti/Samhita/Sharngadhar Samhita	Devanagari	sharngadhara_samhita_madhya
	Uttara Khaṇda	Sharngadhar Samhita			Samskrit	Sruti/Samhita/Sharngadhar Samhita	Devanagari	sharngadhara_samhita_uttara
	Parishishtam Khaṇda	Sharngadhar Samhita			Samskrit	Sruti/Samhita/Sharngadhar Samhita	Devanagari	sharngadhara_samhita_parishishtam
	Madhava Nidan	Madhava Nidan Samhita			Samskrit	Sruti/Samhita/Madhava Nidan Samhita	Devanagari	madhava_nidan
	Īshā Upanishad	Upanishad			Samskrit	Sruti/Aranyaka/Upanishad	Devanagari	fifteen_upanishads_01_isha
	Kena Upanishad	Upanishad			Samskrit	Sruti/Aranyaka/Upanishad	Devanagari	fifteen_upanishads_02_kena
	Katha Upanishad	Upanishad			Samskrit	Sruti/Aranyaka/Upanishad	Devanagari	fifteen_upanishads_03_katha
	Prashna Upanishad	Upanishad			Samskrit	Sruti/Aranyaka/Upanishad	Devanagari	fifteen_upanishads_04_prashna
	Muṇdaka Upanishad	Upanishad			Samskrit	Sruti/Aranyaka/Upanishad	Devanagari	fifteen_upanishads_05_mundaka
	Māṇdūkya Upanishad	Upanishad			Samskrit	Sruti/Aranyaka/Upanishad	Devanagari	fifteen_upanishads_06_mandukya
	Aitareya Upanishad	Upanishad			Samskrit	Sruti/Aranyaka/Upanishad	Devanagari	fifteen_upanishads_07_aitareya
	Taittirīya Upanishad	Upanishad			Samskrit	Sruti/Aranyaka/Upanishad	Devanagari	fifteen_upanishads_08_taittiriya
	Shwetāshwatara Upanishad	Upanishad			Samskrit	Sruti/Aranyaka/Upanishad	Devanagari	fifteen_upanishads_09_shwetashwatara
	Chhāndogya Upanishad	Upanishad			Samskrit	Sruti/Aranyaka/Upanishad	Devanagari	fifteen_upanishads_10_chandogya
	Bṛihadāraṇyaka Upanishad	Upanishad			Samskrit	Sruti/Aranyaka/Upanishad	Devanagari	fifteen_upanishads_11_brihadaranyaka
	Kaushitaki-brāhmaṇa Upanishad	Upanishad			Samskrit	Sruti/Aranyaka/Upanishad	Devanagari	fifteen_upanishads_12_kaushitaki
	Jābāla Upanishad	Upanishad			Samskrit	Sruti/Aranyaka/Upanishad	Devanagari	fifteen_upanishads_13_jabala
	Mahānārāyana Upanishad	Upanishad			Samskrit	Sruti/Aranyaka/Upanishad	Devanagari	fifteen_upanishads_14_mahanarayana
	Paiṅgala Upanishad 	Upanishad			Samskrit	Sruti/Aranyaka/Upanishad	Devanagari	fifteen_upanishads_15_paingala
	Jaiminīya Āraṇyak	Aranyaka			Samskrit	Sruti/Aranyaka	Devanagari	taittiriya_aranyaka
	Śhāṅkhāyana Āraṇyak	Aranyaka			Samskrit	Sruti/Aranyaka	Devanagari	jaiminiya_aranyaka
	Chhāndogya Āraṇyak	Aranyaka			Samskrit	Sruti/Aranyaka	Devanagari	shankhayana_aranyaka
	Maitrāyaṇiya Āraṇyak	Aranyaka			Samskrit	Sruti/Aranyaka	Devanagari	chhandogya_aranyaka
	Aitareya Āraṇyak	Aranyaka			Samskrit	Sruti/Aranyaka	Devanagari	maitrayaniya_aranyaka
	Taittiriya Āraṇyak 	Aranyaka			Samskrit	Sruti/Aranyaka	Devanagari	aitareya_aranyaka
	Gopatha Brahmana	Brahmana			Samskrit	Sruti/Brahmana	Devanagari	gopatha_brahmana
	Vamsha Brahmana	Brahmana			Samskrit	Sruti/Brahmana	Devanagari	vamsha_brahmana
	Shatapatha Brahmana (Madhyandina)	Brahmana			Samskrit	Sruti/Brahmana	Devanagari	Not Available Online
	Tandya Pancavimsha Brahmna	Brahmana			Samskrit	Sruti/Brahmana	Devanagari	Not Available Online
	Chandogya Brahmana	Brahmana			Samskrit	Sruti/Brahmana	Devanagari	chandogya_brahmana
	Arsheya Brahmana	Brahmana			Samskrit	Sruti/Brahmana	Devanagari	Not Available Online
	Shankhayana Brahmana	Brahmana			Samskrit	Sruti/Brahmana	Devanagari	Not Available Online
	Sama Vidhana Brahmana	Brahmana			Samskrit	Sruti/Brahmana	Devanagari	Not Available Online
	Aitareya Brahmana	Brahmana			Samskrit	Sruti/Brahmana	Devanagari	aitareya_brahmana
	Taittiriya Brahmana	Brahmana			Samskrit	Sruti/Brahmana	Devanagari	taittiriya_brahmana
	Tandya Sadvimsa Brahmana	Brahmana			Samskrit	Sruti/Brahmana	Devanagari	jaimini_talavakara_brahmana
	Samhitopanishad Brahmana	Brahmana			Samskrit	Sruti/Brahmana	Devanagari	shadvimsha_brahmana
	Kauthuma Arsheya Brahmana	Brahmana			Samskrit	Sruti/Brahmana	Devanagari	Not Available Online
	Daivatadhyaya Brahmana	Brahmana			Samskrit	Sruti/Brahmana	Devanagari	Not Available Online
	Kanviya Shatapatha Brahmana	Brahmana			Samskrit	Sruti/Brahmana	Devanagari	Not Available Online
	Vadhula Anvakhyana	Brahmana			Samskrit	Sruti/Brahmana	Devanagari	Not Available Online
	Kathaka Brahmana	Brahmana			Samskrit	Sruti/Brahmana	Devanagari	kathaka_brahmana
	Brahma Purana	Brahma Purana			Samskrit	Purana/Mahapurana/Brahma Purana	Devanagari	brahma_purana
	Svarga Khaṇḍam	Padma Purana			Samskrit	Purana/Mahapurana/Padma Purana	Devanagari	padma_purana_3svarga
	Bhūmi Khaṇḍam	Padma Purana			Samskrit	Purana/Mahapurana/Padma Purana	Devanagari	padma_purana_2bhumi
	Sṛisthi Khaṇḍam	Padma Purana			Samskrit	Purana/Mahapurana/Padma Purana	Devanagari	padma_purana_1srishti
	Brahma Khaṇḍam	Padma Purana			Samskrit	Purana/Mahapurana/Padma Purana	Devanagari	padma_purana_4brahma
	Pātāla Khaṇḍam	Padma Purana			Samskrit	Purana/Mahapurana/Padma Purana	Devanagari	padma_purana_5patala
	Uttara Khaṇḍam	Padma Purana			Samskrit	Purana/Mahapurana/Padma Purana	Devanagari	padma_purana_6uttara
	Kriyā Khaṇḍam	Padma Purana			Samskrit	Purana/Mahapurana/Padma Purana	Devanagari	padma_purana_7kriya
	Vshnu Purana	Vishnu Purana			Samskrit	Purana/Mahapurana/Vishnu Purana	Devanagari	vishnu_purana
	Shiva Purana	Shiva Purana			Samskrit and Hindi	Purana/Mahapurana/Shiva Purana	Devanagari	Shiva Purana
	Bhagavata Purana	Bhagavata Purana			Samskrit	Purana/Mahapurana/Bhagavata Purana	Devanagari	bhagavata_purana
	Nārada Purāṇam - Pūrva Bhāgam	Narada Purana			Samskrit	Purana/Mahapurana/Narada Purana	Devanagari	narada_purana_purva
	Nārada Purāṇam - Uttara Bhāgam	Narada Purana			Samskrit	Purana/Mahapurana/Narada Purana	Devanagari	narada_purana_uttara
	Markandeya Purāṇam	Markandeya Purana			Samskrit	Purana/Mahapurana/Markandeya Purana	Devanagari	Markandya Purana
	Agni Purāṇam	Agni Purana			Samskrit	Purana/Mahapurana/Agni Purana	Devanagari	agni_purana
	Bhavishya Purāṇam	Bhavishya Purana			Samskrit	Purana/Mahapurana/Bhavishya Purana	Devanagari	Not Available Online
	Brahma Vaivarta Purāṇam	Brahma Vaivarta Puranam			Samskrit	Purana/Mahapurana/Brahma Vaivarta Puranam	Devanagari	Brahma Vaivarta Purana
	Varāha Purāṇam	Varaha Puranam			Samskrit	Purana/Mahapurana/Varaha Puranam	Devanagari	Not Available Online
	Linga Purāṇam	Linga Purana			Samskrit	Purana/Mahapurana/Linga Purana	Devanagari	linga_purana
	Skanda Purāṇam	Skanda Purana			Samskrit	Purana/Mahapurana/Skanda Purana	Devanagari	
	Vāmana Purāṇam	Vamana Purana			Samskrit	Purana/Mahapurana/Vamana Purana	Devanagari	vamana_purana
	Matsya Purāṇam	Matsya Purana			Samskrit	Purana/Mahapurana/Matsya Purana	Devanagari	matsya_purana
	Garuda Purāṇam	Garuda Purana			Samskrit	Purana/Mahapurana/Garuda Purana	Devanagari	Not Available Online
	Brahmāṇḍa Purāṇam	Brahmanda Purana			Samskrit	Purana/Mahapurana/Brahmanda Purana	Devanagari	brahmanda_purana
	Kūrma Purāṇam	Kurma Purana			Samskrit	Purana/Mahapurana/Kurma Purana	Devanagari	kurma_purana
	Kedarkhandam	Maheshvara Khanda			Samskrit	Purana/Mahapurana/Skanda Purana/Maheshvara Khanda	Devanagari	skanda_purana_01maheshvara_01kedara
	Kaumarikakhandam	Maheshvara Khanda			Samskrit	Purana/Mahapurana/Skanda Purana/Maheshvara Khanda	Devanagari	skanda_purana_01maheshvara_02kaumari
	Arunachalamahatmye Purvardham	Maheshvara Khanda			Samskrit	Purana/Mahapurana/Skanda Purana/Maheshvara Khanda	Devanagari	skanda_purana_01maheshvara_03arunapurva
	Arunachalamahatmye Uttarardham	Maheshvara Khanda			Samskrit	Purana/Mahapurana/Skanda Purana/Maheshvara Khanda	Devanagari	skanda_purana_01maheshvara_04arunauttara
	Vemkatachala Mahatmyam	Vaishnava Khanda			Samskrit	Purana/Mahapurana/Skanda Purana/Vaishnava Khanda	Devanagari	skanda_purana_02vaishnava_01venkata
	Purushottama Jagannatha Mahatmyam	Vaishnava Khanda			Samskrit	Purana/Mahapurana/Skanda Purana/Vaishnava Khanda	Devanagari	skanda_purana_02vaishnava_02purushottama
	Badarikasharma Mahatmyam	Vaishnava Khanda			Samskrit	Purana/Mahapurana/Skanda Purana/Vaishnava Khanda	Devanagari	skanda_purana_02vaishnava_03badarikashrama
	Kartikamasa Mahatmyam	Vaishnava Khanda			Samskrit	Purana/Mahapurana/Skanda Purana/Vaishnava Khanda	Devanagari	skanda_purana_02vaishnava_04kartikamasa
	Margashirashamasa Mahatmyam	Vaishnava Khanda			Samskrit	Purana/Mahapurana/Skanda Purana/Vaishnava Khanda	Devanagari	skanda_purana_02vaishnava_05margashirshamasa
	Bhagavata Mahatmyam	Vaishnava Khanda			Samskrit	Purana/Mahapurana/Skanda Purana/Vaishnava Khanda	Devanagari	skanda_purana_02vaishnava_06bhagavata
	Vaishakha Masa Mahatmyam	Vaishnava Khanda			Samskrit	Purana/Mahapurana/Skanda Purana/Vaishnava Khanda	Devanagari	skanda_purana_02vaishnava_07vaishakhamasa
	Ayodhya Mahatmyam	Vaishnava Khanda			Samskrit	Purana/Mahapurana/Skanda Purana/Vaishnava Khanda	Devanagari	skanda_purana_02vaishnava_08ayodhya
	Vasudeva Mahatmyam	Vaishnava Khanda			Samskrit	Purana/Mahapurana/Skanda Purana/Vaishnava Khanda	Devanagari	skanda_purana_02vaishnava_09vasudeva
	Setu Mahatmyam	Brahma Khanda			Samskrit	Purana/Mahapurana/Skanda Purana/Brahma Khanda	Devanagari	skanda_purana_03brahma_01setu
	Dharmaranyakhandam	Brahma Khanda			Samskrit	Purana/Mahapurana/Skanda Purana/Brahma Khanda	Devanagari	skanda_purana_03brahma_02dharmaranya
	Brahmottarakhandam	Brahma Khanda			Samskrit	Purana/Mahapurana/Skanda Purana/Brahma Khanda	Devanagari	skanda_purana_03brahma_03brahmottara
	Kashi Khanda - Purvardham	Kashi Khanda			Samskrit	Purana/Mahapurana/Skanda Purana/Kashi Khanda	Devanagari	skanda_purana_04kashi_01purva
	Kashi Khanda - Uttarardham	Kashi Khanda			Samskrit	Purana/Mahapurana/Skanda Purana/Kashi Khanda	Devanagari	skanda_purana_04kashi_02uttara
	Avantyakshetramahatmyam	Avanti Khanda			Samskrit	Purana/Mahapurana/Skanda Purana/Avanti Khanda	Devanagari	skanda_purana_05avanti_01avantyakshetra
	Avantistha Caturashitilingamahatmyam	Avanti Khanda			Samskrit	Purana/Mahapurana/Skanda Purana/Avanti Khanda	Devanagari	skanda_purana_05avanti_02chaturashitilinga
	Revakhandam	Nagara Khanda			Samskrit	Purana/Mahapurana/Skanda Purana/Nagara Khanda	Devanagari	skanda_purana_05avanti_03reva
	Nagara Khanda	Prabhasa Khanda			Samskrit	Purana/Mahapurana/Skanda Purana/Prabhasa Khanda	Devanagari	Not Available Online
	Prabhasa khanda	Prabhasa Khanda			Samskrit	Purana/Mahapurana/Skanda Purana/Prabhasa Khanda	Devanagari	Not Available Online
	Ambika Khanda	Ambika Khanda			Samskrit	Purana/Mahapurana/Skanda Purana/Ambika Khanda	Devanagari	skanda_purana_08ambika
	Narasiṁha Purāṇa	Upapurana			Samskrit	Purana/Upapurana	Devanagari	narasimha_purana
	Viṣṇudharma Purāṇa	Upapurana			Samskrit	Purana/Upapurana	Devanagari	vishnudharma_purana
	Nāndī Purāṇa	Upapurana			Samskrit	Purana/Upapurana	Devanagari	nandi_purana
	Saura Purāṇa	Upapurana			Samskrit	Purana/Upapurana	Devanagari	saura_purana
	Kapila Purāṇa	Upapurana			Samskrit	Purana/Upapurana	Devanagari	kapila_purana
	Nīlamata Purāṇa	Upapurana			Samskrit	Purana/Upapurana	Devanagari	nilamata_purana
	Devī Bhāgavata Purāṇa	Upapurana			Samskrit	Purana/Upapurana	Devanagari	devibhagavata_purana
	Parāśaropa Purāṇa	Upapurana			Samskrit	Purana/Upapurana	Devanagari	parashara_purana
	Sāmba Purāṇa	Upapurana			Samskrit	Purana/Upapurana	Devanagari	samba_purana
	Śivadharma Purāṇa	Upapurana			Samskrit	Purana/Upapurana	Devanagari	Shivadharma_Purva_T0032
	Śivadharmottara Purāṇa	Upapurana			Samskrit	Purana/Upapurana	Devanagari	Shivadharmottara_T0075
	Vāruṇa Purāṇa	Upapurana			Samskrit	Purana/Upapurana	Devanagari	varuna_purana
	Vishnu: Achyutashtakam	Stotram			Samskrit	Purana/Stotram	Devanagari	acyutastakam
	Shiva: Lingashtakam	Stotram			Samskrit	Purana/Stotram	Devanagari	lingastakam
	Ganapati: Sankashtanashana Ganapati Stotram	Stotram			Samskrit	Purana/Stotram	Devanagari	sankastanashana_ganesha
	Surya: Suryamandalashtakam	Stotram			Samskrit	Purana/Stotram	Devanagari	suryamandalashtakam
	Devi: Mahalaksmyashtakam	Stotram			Samskrit	Purana/Stotram	Devanagari	mahalakshmyashtakam
	Vishnu Sahasranama	Stotram			Samskrit	Purana/Stotram	Devanagari	vishnu_sahasranama_stotram
	Shiva Sahasranama	Stotram			Samskrit	Purana/Stotram	Devanagari	shiva_sahasranama
	Ganapati Sahasranama	Stotram			Samskrit	Purana/Stotram	Devanagari	ganapati_sahasranama
	Surya Sahasranama	Stotram			Samskrit	Purana/Stotram	Devanagari	surya_sahasranama
	Lakshmi Sahasranama	Stotram			Samskrit	Purana/Stotram	Devanagari	lakshmi_sahasranama
	Vishnu Ashtottar Shatnamavalu Stotram	Stotram			Samskrit	Purana/Stotram	Devanagari	vishnu_ashtottarashatanamavali
	Rama Sahasranama	Stotram			Samskrit	Purana/Stotram	Devanagari	rama_sahasranama
	Guru Gita	Stotram			Samskrit	Purana/Stotram	Devanagari	guru_gita
	Durga Saptashati	Stotram			Samskrit	Purana/Stotram	Devanagari	durgasaptashati
	Ganga Sahasranama	Stotram			Samskrit	Purana/Stotram	Devanagari	ganga_sahasranama
	Ganga Ashtak Stotram	Stotram			Samskrit	Purana/Stotram	Devanagari	gangashtakam
	Gayatri Sahasranama	Stotram			Samskrit	Purana/Stotram	Devanagari	gayatri_sahasranama
	Gayatri Ashtak Stotram	Stotram			Samskrit	Purana/Stotram	Devanagari	gayatri_ashtakam
	Lalita Sahasranama	Stotram			Samskrit	Purana/Stotram	Devanagari	lalita_sahasranama
	Sarasvati Sahasranama	Stotram			Samskrit	Purana/Stotram	Devanagari	sarasvati_sahasranama
	Sarasvati Ashtak Stotram	Stotram			Samskrit	Purana/Stotram	Devanagari	sarasvati_ashtakam
	Durga Sahasranama	Stotram			Samskrit	Purana/Stotram	Devanagari	durga_sahasranama
	Durgashtakam	Stotram			Samskrit	Purana/Stotram	Devanagari	durgastakam
	Hanumat Stavan	Stotram			Samskrit	Purana/Stotram	Devanagari	hanumat_stavan
	Rama Raksha Stotram	Stotram			Samskrit	Purana/Stotram	Devanagari	rama_raksha_stotram
	Devi Kavach	Stotram			Samskrit	Purana/Stotram	Devanagari	devi_kavach
	Angirasa Smriti	Smriti			Samskrit	Smriti	Devanagari	01Angirasa_Smriti
	Vyasa Smriti	Smriti			Samskrit	Smriti	Devanagari	02Vyasa_Smriti
	Apastamba Smriti	Smriti			Samskrit	Smriti	Devanagari	03Apastamba_Smriti
	Daksha Smriti	Smriti			Samskrit	Smriti	Devanagari	04Daksha_Smriti
	Vishnu Smriti	Smriti			Samskrit	Smriti	Devanagari	05Vishnu_Smriti
	Yagyavalkya Smriti	Smriti			Samskrit	Smriti	Devanagari	06Yagyavalkya_Smriti
	Likhita Smriti	Smriti			Samskrit	Smriti	Devanagari	07Likhita_Smriti
	Smavarta Smriti	Smriti			Samskrit	Smriti	Devanagari	08Samvartta_Smriti
	Shankha Smriti	Smriti			Samskrit	Smriti	Devanagari	09Shankha_Smriti
	Brihaspati Smriti	Smriti			Samskrit	Smriti	Devanagari	10Brihaspati_Smriti
	Atri Smriti	Smriti			Samskrit	Smriti	Devanagari	11Atri_Smriti
	Katyayana Smriti	Smriti			Samskrit	Smriti	Devanagari	12Katyayana_Smriti
	Parashara Smriti	Smriti			Samskrit	Smriti	Devanagari	13Parashara_Smriti
	Manu Smriti	Smriti			Samskrit	Smriti	Devanagari	14Manu_Smriti
	Aushanasa Smriti	Smriti			Samskrit	Smriti	Devanagari	15Aushanasa_Smriti
	Harita Smriti	Smriti			Samskrit	Smriti	Devanagari	16Harita_Smriti
	Gautama Smriti	Smriti			Samskrit	Smriti	Devanagari	17Gautama_Smriti
	Yama Smrti	Smriti			Samskrit	Smriti	Devanagari	18Yama_Smriti
	Kashyapa Smriti	Upasmriti			Samskrit	Upasmriti	Devanagari	kashyapa_smriti
	Pulastya Smriti	Upasmriti			Samskrit	Upasmriti	Devanagari	pulastya_smriti
	Narada Smriti	Upasmriti			Samskrit	Upasmriti	Devanagari	narada_smriti
	Vishvamitra Smriti	Upasmriti			Samskrit	Upasmriti	Devanagari	vishvamitra_smirti
	Devala Smriti	Upasmriti			Samskrit	Upasmriti	Devanagari	devala_smriti
	Markandeya Smriti	Upasmriti			Samskrit	Upasmriti	Devanagari	markandeya_smriti
	Rishyashringa Smriti	Upasmriti			Samskrit	Upasmriti	Devanagari	rishyashringa_samhita
	Ashvalayana Smriti	Upasmriti			Samskrit	Upasmriti	Devanagari	ashvalayana_smriti
	Narayana Smriti	Upasmriti			Samskrit	Upasmriti	Devanagari	narayana_smriti
	Bharadvaja Smriti	Upasmriti			Samskrit	Upasmriti	Devanagari	bharadvaja_smriti
	Lohita Smriti	Upasmriti			Samskrit	Upasmriti	Devanagari	lohita_smriti
	Vyahgrapada Smriti	Upasmriti			Samskrit	Upasmriti	Devanagari	vyaghrapada_smriti
	Dalbhya Smriti	Upasmriti			Samskrit	Upasmriti	Devanagari	dalbhya_smriti
	Prajapati Smriti	Upasmriti			Samskrit	Upasmriti	Devanagari	prajapati_smirti
	Shatatapa Smriti	Upasmriti			Samskrit	Upasmriti	Devanagari	shatatapa_smriti
	Vadhula Smriti	Upasmriti			Samskrit	Upasmriti	Devanagari	Not Available Online
	Gobhila Smriti	Upasmriti			Samskrit	Upasmriti	Devanagari	Not Available Online
	Baudhayana Smriti	Upasmriti			Samskrit	Upasmriti	Devanagari	baudhayana_smriti
	Ramayana - Bala Kanda	Ramayana			Samskrit	Itihasa/Ramayana	Devanagari	ramayana1_bala
	Ramayana - Ayodhya Kanda	Ramayana			Samskrit	Itihasa/Ramayana	Devanagari	ramayana2_ayodhya
	Ramayana - Aranya Kanda	Ramayana			Samskrit	Itihasa/Ramayana	Devanagari	ramayana3_aranya
	Ramayana - Kishkindha Kanda	Ramayana			Samskrit	Itihasa/Ramayana	Devanagari	ramayana4_kishkindha
	Ramayana - Sundara Kanda	Ramayana			Samskrit	Itihasa/Ramayana	Devanagari	ramayana5_sundara
	Ramayana - Yuddha Kanda	Ramayana			Samskrit	Itihasa/Ramayana	Devanagari	ramayana6_yuddha
	Ramayana - Uttara Kanda	Ramayana			Samskrit	Itihasa/Ramayana	Devanagari	ramayana7_uttara
	Mahabharata - Adi Parva	Mahabharata			Samskrit	Itihasa/Mahabharata	Devanagari	mahabharata01_adi
	Mahabharata - Sabha Parva	Mahabharata			Samskrit	Itihasa/Mahabharata	Devanagari	mahabharata02_sabha
	Mahabharata - Aranyaka Parva	Mahabharata			Samskrit	Itihasa/Mahabharata	Devanagari	mahabharata03_aranyaka
	Mahabharata - Virata Parva	Mahabharata			Samskrit	Itihasa/Mahabharata	Devanagari	mahabharata04_virata
	Mahabharata - Udyoga Parva	Mahabharata			Samskrit	Itihasa/Mahabharata	Devanagari	mahabharata05_udyoga
	Mahabharata - Bhisma Parva	Mahabharata			Samskrit	Itihasa/Mahabharata	Devanagari	mahabharata06_bhishma
	Mahabharata - Drona parva	Mahabharata			Samskrit	Itihasa/Mahabharata	Devanagari	mahabharata07_drona
	Mahabharata - Karna Parva	Mahabharata			Samskrit	Itihasa/Mahabharata	Devanagari	mahabharata08_karna
	Mahabharata - Shalya Parva	Mahabharata			Samskrit	Itihasa/Mahabharata	Devanagari	mahabharata09_shalya
	Mahabharata - Sauptika Parva	Mahabharata			Samskrit	Itihasa/Mahabharata	Devanagari	mahabharata10_sauptika
	Mahabharata - Stri Parva	Mahabharata			Samskrit	Itihasa/Mahabharata	Devanagari	mahabharata11_stri
	Mahabharata - Shanti Parva	Mahabharata			Samskrit	Itihasa/Mahabharata	Devanagari	mahabharata12_shanti
	Mahabharata - Anushasana Parva	Mahabharata			Samskrit	Itihasa/Mahabharata	Devanagari	mahabharata13_anushasana
	Mahabharata - Ashwamedhika Parva	Mahabharata			Samskrit	Itihasa/Mahabharata	Devanagari	mahabharata14_ashvamedhika
	Mahabharata - Ashramavasa Parva	Mahabharata			Samskrit	Itihasa/Mahabharata	Devanagari	mahabharata15_ashramavasa
	Mahabharata - Mausala Parva	Mahabharata			Samskrit	Itihasa/Mahabharata	Devanagari	mahabharata16_mausala
	Mahabharata - Mahaprasthanika Parva	Mahabharata			Samskrit	Itihasa/Mahabharata	Devanagari	mahabharata17_mahaprasthanika
	Mahabharata - Swargarohana Parva	Mahabharata			Samskrit	Itihasa/Mahabharata	Devanagari	mahabharata18_svargarohana
	Bhagavad Gita	Bhagavad Gita			Samskrit	Itihasa/Mahabharata/Bhagavad Gita	Devanagari	bhagavad_gita_standard
	Rig Veda Pratishakhya	Rig Veda			Samskrit	Sruti/Veda/Rig Veda	Devanagari	rk_veda_pratishakhya 
	Shukla Yajur Veda Pratishakhya	Shukla Yajur Veda			Samskrit	Sruti/veda/Shukla Yajur Veda	Devanagari	shukla_yajur_veda_pratishakhya
	Atharva Veda Pratishakhya	Atharva Veda			Samskrit	Sruti/Veda/Atharva Veda	Devanagari	atharva_veda_pratishakhya
	Sama Veda Pratishakhya - Pushpa Sutram	Sama Veda			Samskrit	Sruti/veda/Sama Veda	Devanagari	sama_veda_pratishakhya
	Krishna Yajur Veda Pratishakhya - Taittiriya	Krishna Yajur Veda			Samskrit	Sruti/veda/Krishna Yajur Veda	Devanagari	taittiriya_pratishakhya
	Atharva Veda Pratishakhya - Chaturdhyayi	Atharva Veda			Samskrit	Sruti/Veda/Atharva Veda 	Devanagari	atharva_veda_pratishakhya_chaturadhyayi